{
  "reminders": {
    "background": {
      "image": "reminders-bg-01.png",
      "width": 400,
      "bgColor": "#ffffff",
      "cssSize": "550px 75px",
      "responsive": "mobile-padding-horizontal-sides mobile-no-padding-top mobile-reset-bg-image"
    },
    "contentOrder": [
      {
        "type": "image-description",
        "config": {
          "responsive": "mobile-fz-16",
          "image": "reminders-graphic-01.png",
          "description": [
            "<b class=\"side-title\" responsive=\"collapse-one mobile-padding-horizontal-sides mobile-padding-top mobile-padding-bottom\">Reminders</b>",
            "<b>Requesting Time Off for the Holiday Season [December and January]</b><br>It is already November, so that means the holiday season is already at our doorstep. As you"
          ]
        }
      },
      {
        "type": "description",
        "config": [
          "know, this is typically the time of year when many people want to take time off. If you are planning to request time off during December and/or January, it is important to submit your Time Off Request Form as soon as possible."
        ]
      }
    ]
  },
  "quote": {
    "image": "quote-graphic-01.png"
  }
}
