{
  "widget": {
    "type": "Birthdays & WORK ANNIVERSARIES",
    "header": "Congratulating Our Justia Members on Their Special Days"
  },
  "titleResponsiveSize": 23,
  "image": "http://justatic.com/v/1/emails/images/insider/common/birthday-graphic-01.png",
  "contentOrder": [
    {
      "type": "lists-description",
      "config": {
        "birthdays": [
          {
            "day": "02",
            "name": "Alejandra Medina"
          },
          {
            "day": "03",
            "name": "Ken Chan"
          },
          {
            "day": "05",
            "name": "Erika Azuela"
          },
          {
            "day": "07",
            "name": "Hector Fernandez"
          },
          {
            "day": "11",
            "name": "Mayra Valdes"
          },
          {
            "day": "12",
            "name": "Angel Ponce"
          },
          {
            "day": "18",
            "name": "Silvia de los Santos"
          },
          {
            "day": "20",
            "name": "Zoraida Vallejo"
          },
          {
            "day": "23",
            "name": "John Pruitt"
          }
        ],
        "anniversaries": [
          {
            "name": "Jon Silver",
            "years": "16th"
          },
          {
            "name": "Jose Ramos",
            "years": "13th"
          },
          {
            "name": "Esteban Hinojosa",
            "years": "8th"
          },
          {
            "name": "Manuel Maldonado",
            "years": "2nd"
          }
        ]
      }
    }
  ]
}
