{
  "widget": {
    "type": "upcoming holidays",
    "header": "Dates to Remember"
  },
  "contentOrder": [
    {
      "type": "image-description",
      "config": {
        "image": "holiday-01.png",
        "blockTitle": "Mexican Constitution<br>February 5th",
        "description": [
          "<br>Constitution Day takes place in Mexico on the first Monday of February, regardless of the date. On this day, people commemorate the anniversary of Mexico's current constitution, which was promulgated on February 5th, 1917."
        ]
      }
    }
  ]
}
