{
  "widget": {
    "type": "Milestones & Accomplishments",
    "header": "Let’s Find Out What’s Been Achieved So Far by Our Teams at Justia"
  },
  "titleResponsiveSize": 23,
  "contentOrder": [
    {
      "type": "image-description",
      "config": {
        "image": "milestones-graphic-01.png",
        "title": "Short Videos (Legal Content).",
        "description": " We recently produced and uploaded a new short video discussing <strong><a href=\"https://www.youtube.com/watch?v=VIKPeRt0MG4\">Teleworkers’ Rights and Obligations</a></strong> under Mexican Law on our <strong><a href=\"https://www.youtube.com/@Justia\">Justia YouTube Channel</a></strong>."
      }
    },
    {
      "type": "image-description",
      "config": {
        "image": "milestones-graphic-02.png",
        "title": "Justia Mexico Portal Content Updates.",
        "description": " We have recently enriched our portal's growing collection of updated laws by updating the content of the <strong><a href=\"https://mexico.justia.com/federales/leyes/ley-general-de-sociedades-mercantiles/\">General Law of Commercial Companies</a></strong>, <strong><a href=\"https://mexico.justia.com/federales/leyes/ley-del-impuesto-sobre-la-renta/\">Income Tax Law</a></strong>, <strong><a href=\"https://mexico.justia.com/federales/leyes/ley-general-del-sistema-nacional-de-seguridad-publica/\">Public Security System Law</a></strong>, and <strong><a href=\"https://mexico.justia.com/federales/codigos/codigo-nacional-de-procedimientos-penales/\">National Code of Criminal Procedures</a></strong>."
      }
    },
    {
      "type": "image-description",
      "config": {
        "image": "milestones-graphic-03.png",
        "title": "QA Automation Team.",
        "description": " We've enhanced our web accessibility libraries to include ADA Compliance checks in our automated QA reports. Moreover, our system now enables seamless interaction with Google Docs, offering a more user-friendly interface for QA reports."
      }
    },
    {
      "type": "image-description",
      "config": {
        "image": "milestones-graphic-04.png",
        "title": "Justia Portal.",
        "description": " We've launched a new Justia subdomain, <strong><a href=\"http://car-accidents.justia.com/\">car-accidents.justia.com</a></strong>, which will serve as the dedicated hub for all of our car accident consumer content."
      }
    },
    {
      "type": "image-description",
      "config": {
        "image": "milestones-graphic-05.png",
        "title": "Justia Mexico Portal.",
        "description": " We’ve been working tirelessly to strengthen and maintain the content on our Justia Mexico Portal, ensuring it remains up-to-date. This month, we've published pages on ISR Law, Commercial Companies Laws, the National Public Security System General Law, and the Penal Procedures Code."
      }
    },
    {
      "type": "image-description",
      "config": {
        "image": "milestones-graphic-06.png",
        "title": "IT Team.",
        "description": " This month, we accomplished several IT operations, including a mass upgrade to our application databases infrastructure, a security enhancement for some of our Legacy Elevate Websites, and various server maintenance tasks."
      }
    }
  ]
}
