{
  "widget": {
    "type": "WELLNESS",
    "header": "Health & Wellness Hour"
  },
  "titleResponsiveSize": 23,
  "contentOrder": [
    {
      "type": "description",
      "config": [
        "In October, Justia had its first \"Health & Wellness Hour\" session presented by the Health Management Resource Program under the Palo Alto Medical Foundation. We want to thank everyone who joined the sessions. We hope these were helpful."
      ]
    },
    {
      "type": "image-column",
      "config": {
        "image1": "wellness-graphic-01.png",
        "image2": "wellness-graphic-02.png"
      }
    }
  ]
}
