{
  "places": [
    {
      "area": "Location Flexible (Eastern Time Zone)",
      "jobs": [
        {
          "title": "Senior Counsel, Commercial",
          "company": "Zoom Video Communications",
          "link": "https://jobs.lever.co/zoom/20314769-f145-4b80-93ba-4dbd0b3f8234"
        }
      ]
    },
    {
      "area": "Oakland, CA; Denver, CO; or Washington, DC",
      "jobs": [
        {
          "title": "Managing Attorney",
          "company": "Sierra Club",
          "link": "https://chm.tbe.taleo.net/chm01/ats/careers/v2/viewRequisition?org=SIERRACLUB&cws=39&rid=1581"
        }
      ]
    },
    {
      "area": "California - Los Angeles Metro Area",
      "jobs": [
        {
          "title": "Assistant Chief Counsel, Studios",
          "company": "The Walt Disney Studios",
          "link": "https://jobs.disneycareers.com/job/burbank/assistant-chief-counsel-studios/391/14027979"
        },
        {
          "title": "Associate Corporate Counsel",
          "company": "EVgo",
          "link": "https://jobs.lever.co/evgo/de40eb04-99b1-4915-9c4a-3fcb6ddb6652"
        },
        {
          "title": "Counsel, Original Series",
          "company": "Netflix",
          "link": "https://jobs.netflix.com/jobs/871540"
        },
        {
          "title": "Counsel / Sr. Counsel, Esports",
          "company": "Activision Blizzard",
          "link": "https://careers.activisionblizzard.com/job/R001277/Counsel-Sr-Counsel-Esports"
        },
        {
          "title": "Regulatory Attorney",
          "company": "Southern California Edison",
          "link": "https://www.edisoncareers.com/ShowJob/Id/888532/Regulatory-Attorney/"
        }
      ]
    },
    {
      "area": "California - San Francisco Bay Area",
      "jobs": [
        {
          "title": "Counsel or Senior Trademark Counsel",
          "company": "Apple",
          "link": "https://jobs.apple.com/en-us/details/200157049/trademark-counsel"
        },
        {
          "title": "Deputy Managing Attorney, California Regional Office",
          "company": "Earthjustice",
          "link": "https://earthjustice.org/about/jobs/38735/deputy-managing-attorney-california-regional-office"
        },
        {
          "title": "Legal Counsel",
          "company": "Scribd",
          "link": "https://jobs.lever.co/scribd/eb806007-db7d-41c0-9c9a-c3500ffdd318"
        },
        {
          "title": "Product Counsel, Capital",
          "company": "Square",
          "link": "https://www.smartrecruiters.com/Square/743999708923787"
        },
        {
          "title": "Project Manager, Human Rights",
          "company": "Twitter",
          "link": "https://careers.twitter.com/en/work-for-twitter/202002/project-manager-human-rights.html"
        },
        {
          "title": "Senior Corporate Counsel, Securities and M&A",
          "company": "Box",
          "link": "https://careers.box.com/job/2126541/Sr-Corporate-Counsel-Securities-and-M-A"
        },
        {
          "title": "Senior Manager, IP Counsel",
          "company": "Dolby Laboratories",
          "link": "https://careers.dolby.com/job/San-Francisco%2C-California-Sr-Manager%2C-IP-Counsel-CA-94101/626068500/"
        },
        {
          "title": "Supervising Attorney, Low Income Taxpayer Clinic (part-time)",
          "company": "The Bar Association of San Francisco",
          "link": "https://www.sfbar.org/wp-content/uploads/2020/02/Supervising-Attorney-LITC.pdf"
        }
      ]
    },
    {
      "area": "California - Sacramento",
      "jobs": [
        {
          "title": "Assistant Chief Counsel",
          "company": "California Energy Commission",
          "link": "https://www.calcareers.ca.gov/CalHrPublic/Jobs/JobPosting.aspx?JobControlId=194902"
        },
        {
          "title": "Tax Counsel",
          "company": "California Board of Equalization",
          "link": "https://www.calcareers.ca.gov/CalHrPublic/Jobs/JobPosting.aspx?JobControlId=193900"
        }
      ]
    },
    {
      "area": "DC - Washington Metro Area",
      "jobs": [
        {
          "title": "Associate General Counsel",
          "company": "Calvert Impact Capital",
          "link": "https://www.calvertimpactcapital.org/about/careers"
        },
        {
          "title": "Corporate Counsel",
          "company": "Institutional Shareholder Services",
          "link": "https://careers-us-issgovernance.icims.com/jobs/3080/corporate-counsel/job"
        },
        {
          "title": "Counsel",
          "company": "Nasdaq",
          "link": "https://nasdaq.wd1.myworkdayjobs.com/en-US/US_External_Career_Site/job/MD---Rockville-Maryland/Counsel-I_R0005253"
        },
        {
          "title": "Counsel",
          "company": "National Geographic Partners",
          "link": "https://jobs.disneycareers.com/job/washington/counsel/391/15441415"
        },
        {
          "title": "Counsel, Legislative Affairs",
          "company": "National Center for Missing & Exploited Children",
          "link": "https://usr57.dayforcehcm.com/CandidatePortal/en-US/ncmec/Posting/View/573"
        },
        {
          "title": "Director, Legal Affairs and Associate General Counsel",
          "company": "The Pew Charitable Trusts",
          "link": "https://jobs-pct.icims.com/jobs/6238/director%2c-legal-affairs-and-associate-general-counsel-%28tax-exempt-lawyer%29/job"
        },
        {
          "title": "Fellow, Thurgood Marshall Center for Civil Rights",
          "company": "Howard University School of Law",
          "link": "https://careers.howard.edu/psp/careers/EMPLOYEE/HRMS/c/HRS_HRAM.HRS_CE.GBL?Page=HRS_CE_JOB_DTL&Action=A&SiteId=1&JobOpeningId=33010&PostingSeq=1"
        },
        {
          "title": "Legal Aid Attorney, Probates - Estates Project",
          "company": "Legal Counsel for the Elderly (AARP)",
          "link": "https://careers.aarp.org/ShowJob/JobId/2376932/Legal-Aid-Attorney-Probates-Estates-Project"
        }
      ]
    },
    {
      "area": "Illinois - Chicago Metro Area",
      "jobs": [
        {
          "title": "General Counsel",
          "company": "Navy Pier",
          "link": "https://careers.hireology.com/navypier/378736/description"
        },
        {
          "title": "Managing Attorney",
          "company": "Public Interest Law Initiative",
          "link": "http://pili.org/wp-content/uploads/2020/02/PILI-Managing-Attorney-2-2020-1.pdf"
        },
        {
          "title": "Staff Attorney, Immigration and Trafficking Project",
          "company": "Legal Aid Chicago",
          "link": "https://www.legalaidchicago.org/wp-content/uploads/2020/02/IWR-Project-LEAP-Attorney-2020.pdf"
        },
        {
          "title": "In-House Contract Attorney",
          "company": "Window To The World Communication (WTTW and WFMT)",
          "link": "https://cho.tbe.taleo.net/cho02/ats/careers/v2/viewRequisition?org=WWCI&cws=40&rid=182"
        }
      ]
    },
    {
      "area": "Massachusetts - Boston Metro Area",
      "jobs": [
        {
          "title": "Assistant District Attorney, Domestic Violence and Sexual Assault Unit",
          "company": "Suffolk County District Attorney’s Office",
          "link": "https://massanf.taleo.net/careersection/ex/jobdetail.ftl?job=200002E7"
        },
        {
          "title": "Corporate Counsel",
          "company": "New England Biolabs",
          "link": "https://neb.wd5.myworkdayjobs.com/en-US/NEB_Careers/job/Ipswich-MA-United-States/Corporate-Counsel_1207"
        },
        {
          "title": "General Counsel",
          "company": "Massachusetts Clean Energy Center",
          "link": "https://www.masscec.com/work-clean-energy/jobs/general-counsel"
        },
        {
          "title": "Clinical Instructor, Cyberlaw Clinic",
          "company": "Berkman Klein Center for Internet & Society, Harvard University",
          "link": "https://jobs.brassring.com/TGnewUI/Search/home/HomeWithPreLoad?PageType=JobDetails&partnerid=25240&siteid=5341&jobid=1496588"
        },
        {
          "title": "Staff Attorney - Public Programs",
          "company": "Health Law Advocates",
          "link": "https://hlainc.efficientapply.com/jobs/427375.html"
        }
      ]
    },
    {
      "area": "New York - New York City Metro Area",
      "jobs": [
        {
          "title": "Assistant Counsel",
          "company": "Empire State Development",
          "link": "https://statejobs.ny.gov/public/vacancyDetailsView.cfm?id=79691"
        },
        {
          "title": "Assistant Counsel",
          "company": "NYC Parks",
          "link": "https://a127-jobs.nyc.gov/psc/nycjobs/EMPLOYEE/HRMS/c/HRS_HRAM.HRS_APP_SCHJOB.GBL?Page=HRS_APP_JBPST&Action=U&FOCUS=Applicant&SiteId=1&JobOpeningId=435583&PostingSeq=1"
        },
        {
          "title": "Chief Privacy Officer, Associate General Counsel",
          "company": "Dow Jones",
          "link": "https://dowjones.jobs/new-york-ny/chief-privacy-officer-associate-general-counsel/07FDB633C34C4D988782B9F74919DD8B/job/"
        },
        {
          "title": "Counsel",
          "company": "A+E Networks",
          "link": "https://aenetworks.wd1.myworkdayjobs.com/en-US/AE-Careers/job/New-York/Counsel_R0003813-1"
        },
        {
          "title": "Counsel",
          "company": "Major League Baseball",
          "link": "https://www.mlb.com/careers/opportunities?gh_jid=2124980"
        },
        {
          "title": "Counsel",
          "company": "The New York Times",
          "link": "https://nytimes.wd5.myworkdayjobs.com/en-US/NYT/job/New-York-NY/Counsel_REQ-007194"
        },
        {
          "title": "Lead Attorney, Department of Legal Strategy",
          "company": "International Refugee Assistance Project ",
          "link": "https://refugeerights.org/hope-help/leadattorneylegalstrategy/"
        },
        {
          "title": "Staff Attorney",
          "company": "Fire Department, City of New York ",
          "link": "https://a127-jobs.nyc.gov/psc/nycjobs/EMPLOYEE/HRMS/c/HRS_HRAM.HRS_APP_SCHJOB.GBL?Page=HRS_APP_JBPST&Action=U&FOCUS=Applicant&SiteId=1&JobOpeningId=429768&PostingSeq=1"
        }
      ]
    },
    {
      "area": "Texas - Austin Metro Area",
      "jobs": [
        {
          "title": "Attorney",
          "company": "Texas Commission on Environmental Quality",
          "link": "https://www.tceq.texas.gov/assets/public/admin/jobs/docs/L20229.pdf"
        },
        {
          "title": "Attorney",
          "company": "Texas Judicial Commission on Mental Health",
          "link": "https://www.txcourts.gov/media/1445825/feb-2020-atty-iv-jcmh.pdf"
        },
        {
          "title": "Corporate Counsel",
          "company": "Dell",
          "link": "https://jobs.dell.com/job/austin/corporate-counsel/375/15487866"
        }
      ]
    },
    {
      "area": "Washington - Seattle Metro Area",
      "jobs": [
        {
          "title": "Associate Corporate Counsel, AWS Products",
          "company": "Amazon",
          "link": "https://www.amazon.jobs/en/jobs/1081387/associate-corporate-counsel-aws-products"
        },
        {
          "title": "Attorney - Microsoft Stores",
          "company": "Microsoft",
          "link": "https://careers.microsoft.com/us/en/job/802190/Attorney-Microsoft-Stores"
        },
        {
          "title": "Corporate Counsel",
          "company": "DocuSign",
          "link": "https://www.docusign.com/company/careers/open?gh_jid=2093990"
        },
        {
          "title": "Staff Attorney, Court of Appeals",
          "company": "State of Washington Courts",
          "link": "http://www.courts.wa.gov/employ/docs/24079/Announcement.pdf"
        }
      ]
    }
  ]
}
