{
  "clients": {
    "ad1": {},
    "ad2": {}
  },
  "jld": {
    "ad1": {
      "link": "#",
      "image": "marketing-graphic-02.png",
      "imageAlt": "Keep Your Clients Updated About Your Business Hours",
      "contentOrder": [
        {
          "type": "description",
          "config": [
            "Keep your clients informed about your business by taking advantage of the <b>new feature</b> on your Justia profile. This feature allows you to provide your business hours and other important information about each of your office locations."
          ]
        },
        {
          "type": "description",
          "config": [
            "If you offer video chat services, you can add this feature to your profile as well."
          ]
        },
        {
          "type": "button",
          "config": {
            "style": "yellow",
            "text": "Add Your Hours Now",
            "width": 230,
            "height": 50,
            "fontSize": 18,
            "responsive": "responsive-button"
          }
        },
        {
          "type": "description",
          "config": [
            "Justia Lawyer Directory Team<br><b><a href=\"tel:8885878421\" target=\"_blank\"><span>(888) 587-8421</span></a></b>"
          ]
        }
      ]
    }
  }
}
