{
  "widget": {
    "icon": "featured-site-of-the-month",
    "header": {
      "singular": "Featured Site of the Month",
      "plural": "Featured Sites of the Month"
    }
  },
  "sites": [
    {
      "clientName": "[Law Offices of ABC Lawyers]",
      "location": {
        "detailed": "[Anytown, CA]",
        "short": "[Anytown, CA]"
      },
      "possessiveAdjective": "[their]",
      "domain": {
        "long": "https://www.justia.com/",
        "simple": "[website.com]"
      },
      "screenshots": "featured-site-01.jpg",
      "thumbnail": "featured-site-01-thumb.jpg"
    }
  ],
  "description": [
    "At Justia, we build law firm websites that are responsive, mobile-friendly, and AMP enabled. Our commitment to high-quality, relevant websites will help you attract clients in the practice areas and locations most important to your firm. We also offer Premium Membership on the Justia & LII Lawyer directories.",
    "If you're interested in our website and SEO services, Premium membership opportunities, or if you would just like to learn more about what we have to offer, contact one of our marketing specialists today."
  ]
}
