{
  "widget": {
    "icon": "inside-justia",
    "header": "Inside Justia"
  },
  "singleColumn": false,
  "columns": [
    {
      "image": {
        "src": "inside-justia-01.jpg",
        "alt": "<b>Elit ipsum</b> esse amet culpa."
      },
      "blockTitle": "Meet Our Team",
      "blockSubtitle": "[<b>Elit ipsum</b> esse amet culpa.]",
      "description": [
        "[Enim ipsum quis cillum consequat. Proident amet minim sint laborum qui fugiat velit nulla cupidatat irure esse culpa. Non eiusmod dolore sit qui.]"
      ]
    },
    {
      "image": {
        "src": "inside-justia-01.jpg",
        "alt": "<b>Id amet ex est nulla laboris.</b>"
      },
      "blockTitle": "A Pug’s Tale",
      "blockSubtitle": "[<b>Id amet ex est nulla laboris.</b>]",
      "description": [
        "[Sint et mollit quis qui occaecat esse ex sint Lorem. Anim et aliquip ipsum in anim.]",
        "[Eu commodo nostrud reprehenderit minim ullamco nulla sunt aliqua reprehenderit.]"
      ]
    }
  ]
}
