{
  "widget": {
    "icon": "client-in-the-news",
    "header": "Clients in the News"
  },
  "columns": [
    {
      "image": {
        "src": "clients-news-logo-01.png",
        "alt": "[Id commodo deserunt aute veniam non cupidatat.]"
      },
      "description": [
        "[<b>Dolor labore do id tempor</b> aliquip dolor qui tempor et cillum nisi fugiat. Culpa enim nostrud ad veniam dolore fugiat nostrud occaecat.]"
      ],
      "readMore": "https://www.justia.com/"
    },
    {
      "image": {
        "src": "clients-news-logo-01.png",
        "alt": "[Exercitation aute laborum amet exercitation veniam.]"
      },
      "description": [
        "[Eiusmod incididunt velit nostrud <b>elit anim ex exercitation</b> ipsum velit mollit.]"
      ],
      "readMore": "https://www.justia.com/"
    },
    {
      "image": {
        "src": "clients-news-logo-01.png",
        "alt": "[Sit minim sit est sint adipisicing.]"
      },
      "description": [
        "[Sunt labore exercitation elit ipsum nisi cillum labore do.]",
        "[Excepteur commodo <b>aliquip ad in dolore mollit</b> enim ex elit veniam Lorem.]"
      ],
      "readMore": "https://www.justia.com/"
    }
  ]
}
