{
  "widget": {
    "icon": "law-events",
    "header": "Law Events"
  },
  "events": [
    {
      "dateTime": "[Month 00 00PM ET]",
      "typeLocation": "[Webinar]",
      "description": "[Voluptate nulla ad magna duis culpa veniam fugiat laboris cillum deserunt nulla dolor.]",
      "readMore": "https://www.justia.com/"
    },
    {
      "dateTime": "[Month 00 00PM ET]",
      "typeLocation": "[Webinar]",
      "description": "[Culpa minim aute aute proident ex magna.]",
      "readMore": "https://www.justia.com/"
    },
    {
      "dateTime": "[Month 00 00PM ET]",
      "typeLocation": "[Webinar]",
      "description": "[Nostrud mollit pariatur aute do.]",
      "readMore": "https://www.justia.com/"
    },
    {
      "dateTime": "[Month 00 00PM ET]",
      "typeLocation": "[Webinar]",
      "description": "[Ad fugiat irure commodo deserunt laborum dolore proident ullamco commodo dolore occaecat..]",
      "readMore": "https://www.justia.com/"
    },
    {
      "dateTime": "[Month 00 00PM ET]",
      "typeLocation": "[Webinar]",
      "description": "[Velit sit tempor veniam eu laborum consectetur dolore eu et incididunt occaecat non.]",
      "readMore": "https://www.justia.com/"
    },
    {
      "dateTime": "[Month 00 00PM ET]",
      "typeLocation": "[Webinar]",
      "description": "[Eu exercitation non aliquip ea adipisicing eu labore qui proident sit elit laboris.]",
      "readMore": "https://www.justia.com/"
    },
    {
      "dateTime": "[Month 00 00PM ET]",
      "typeLocation": "[Webinar]",
      "description": "[Quis anim nisi nulla duis fugiat et irure ad dolor nisi non.]",
      "readMore": "https://www.justia.com/"
    }
  ]
}
