{
  "register-btn": {
    "link": "https://connect.justia.com/webinars/attorneys-duties-towards-clients-when-using-technology",
    "image": "32-webinar-registration.jpg"
  },
  "registered": {
    "link": "https://connect.justia.com/webinars/attorneys-duties-towards-clients-when-using-technology",
    "image": "webinar-register-3.jpg"
  },
  "survey": {
    "link": "https://connect.justia.com/webinars/attorneys-duties-towards-clients-when-using-technology",
    "image": "https://justatic.com/v/1/emails/images/webinars/common/webinar-survey-02.png",
    "title": "Your Opinion Matters to Us."
  },
  "recording": {
    "link": "https://connect.justia.com/webinars/attorneys-duties-towards-clients-when-using-technology",
    "image": "32-webinar-recording-available.jpg"
  }
}
