{
  "widget": {
    "icon": "featured-lawyer",
    "header": "Featured Justia Connect Member",
    "type": "Justia Lawyer Rating and Reviews",
    "link": "https://lawyers.justia.com/about-the-justia-lawyer-rating-reviews?utm_medium=email&utm_source=directory-newsletter&utm_campaign=2022-05&utm_content=text-justia-lawyer-rating-and-reviews-featured-title-1"
  },
  "featured": {
    "id": "1519300",
    "rank": 1,
    "name": "Adrian Bower",
    "location": "Dallas, TX",
    "nameLink": "https://lawyers.justia.com/lawyer/1519300/lawyer-reviews?utm_medium=email&utm_source=directory-newsletter&utm_campaign=2022-05&utm_content=name-justia-lawyer-rating-and-reviews-featured-1",
    "photoLink": "https://lawyers.justia.com/lawyer/1519300?utm_medium=email&utm_source=directory-newsletter&utm_campaign=2022-05&utm_content=image-justia-lawyer-rating-and-reviews-featured-1"
  },
  "description": [
    "A strong Justia Lawyer Rating instantly helps you stand out from other attorneys. Don't miss out on the chance to earn your Justia Lawyer Rating Badge! Request peer reviews today."
  ],
  "button": {
    "style": "justia-blue-ghost",
    "link": "https://lawyers.justia.com/about-the-justia-lawyer-rating-reviews?utm_medium=email&utm_source=directory-newsletter&utm_campaign=2022-05&utm_content=button-justia-lawyer-rating-and-reviews-featured-read-more-1",
    "text": "Learn More",
    "width": 150
  }
}
