{
  "widget": {
    "header": "More On-Demand Webinars"
  },
  "titleResponsiveSize": 22,
  "link": "https://connect.justia.com/webinars/requests-and-forms-as-modern-as-the-evidence-you-seek",
  "contentOrder": [
    {
      "type": "title-button",
      "config": {
        "title": "Requests and Forms as Modern as the Evidence You Seek",
        "link": "https://connect.justia.com/webinars/requests-and-forms-as-modern-as-the-evidence-you-seek",
        "button": {
          "config": {
            "style": "justia-blue-ghost",
            "text": "Watch Now",
            "width": 125,
            "height": 40,
            "borderColor": "",
            "backgroundColor": "",
            "fontColor": "",
            "fontStyle": "",
            "fontWeight": "",
            "fontSize": 16,
            "responsive": ""
          }
        }
      }
    },
    {
      "type": "title-button",
      "config": {
        "title": "The Ethics of Online Advertising and Marketing",
        "link": "https://connect.justia.com/webinars/the-ethics-of-online-advertising-and-marketing",
        "button": {
          "config": {
            "style": "justia-blue-ghost",
            "text": "Watch Now",
            "width": 125,
            "height": 40,
            "borderColor": "",
            "backgroundColor": "",
            "fontColor": "",
            "fontStyle": "",
            "fontWeight": "",
            "fontSize": 16,
            "responsive": ""
          }
        }
      }
    },
    {
      "type": "title-button",
      "config": {
        "title": "Effective Digital & Traditional Marketing for Small Law Firms",
        "link": "https://connect.justia.com/webinars/effective-digital-traditional-marketing-for-small-law-firms",
        "button": {
          "config": {
            "style": "justia-blue-ghost",
            "text": "Watch Now",
            "width": 125,
            "height": 40,
            "borderColor": "",
            "backgroundColor": "",
            "fontColor": "",
            "fontStyle": "",
            "fontWeight": "",
            "fontSize": 16,
            "responsive": ""
          }
        }
      }
    }
  ]
}
