{
  "test": {
    "banner": "",
    "details": {
      "date": "January 26, 2024",
      "time": "2:00 pm ET/11:00 am PT"
    },
    "title": [
      "Lorem ipsum dolor sit amet"
    ],
    "message": [
      "Hi Name,",
      "Lorem ipsum dolor sit amet, consectetur adipiscing elit. Phasellus a interdum lorem, ac lacinia nisl. Aenean varius suscipit tortor, nec fermentum dui rhoncus id <b>new Justia Webinar</b>",
      "Nullam vulputate ultrices orci, eu blandit sem pellentesque porta. Nunc placerat ligula ut massa rhoncus imperdiet. Integer sollicitudin <b><a href=\"#\" target=\"_blank\">Register today</a></b>"
    ],
    "bullet-list": [
      "Lorem ipsum dolor sit amet",
      "Lorem ipsum dolor sit amet"
    ],
    "number-list": [
      "Lorem ipsum dolor sit amet",
      "Lorem ipsum dolor sit amet"
    ],
    "message2": [
      "Lorem ipsum dolor sit amet, consectetur adipiscing elit. Phasellus a interdum lorem, ac lacinia nisl. Aenean varius suscipit tortor, nec fermentum dui rhoncus id <b>new Justia Webinar</b>"
    ],
    "bottomline": [
      "Lorem ipsum dolor sit amet, consectetur adipiscing elit."
    ],
    "button": {
      "style": "red",
      "link": "#",
      "text": "Lorem ipsum",
      "width": 250
    },
    "note": [
      "Lorem ipsum dolor sit amet, consectetur adipiscing elit."
    ],
    "message3": [
      "Lorem ipsum dolor sit amet, consectetur adipiscing elit. Phasellus a interdum lorem, ac lacinia nisl. Aenean varius suscipit tortor, nec fermentum dui rhoncus id <b>new Justia Webinar</b>"
    ]
  },
  "cle-instructions": {
    "banner": "",
    "details": {},
    "message": [
      "Hi Name,",
      "Thank you for joining us for our recent Justia Webinars presentation!<strong> You must complete your attendance verification to receive CLE credit. </strong>As a reminder, if you have a free Justia Connect membership, you must <a href=\"http://connect.justia.com/pro\">upgrade to Justia Connect Pro</a> to receive CLE credit.",
      "<strong>The steps below must be completed by 2:00 p.m. PT on Sunday, March 10, 2024, to receive credit.</strong>",
      "<strong>Completing Your Attendance Verification</strong>"
    ],
    "number-list": [
      "Visit the <a href=\"https://connect.justia.com/cle-center\">Justia CLE Center</a>.",
      "Click on the “Verify Now” button.",
      "Input the attendance verification code received during your presentation.",
      "Follow the remaining prompts in the form to input all pertinent information and offer evaluation of the CLE presentation.",
      "Download your certificate, and you’re done!"
    ],
    "message2": [
      "If you have any questions about verification, please <a href=\"http://support.justia.com\">contact Justia Support</a>."
    ]
  },
  "survey-reminder": {
    "banner": "",
    "details": {},
    "message": [
      "Thank you for joining us for our recent Justia Webinars presentation, <strong>Free Law: Resources, Technology & Legal Issues.</strong> We love connecting our members with new learning opportunities and hope you found the webinar both engaging and informative.",
      "As we continue to plan future Justia Webinars for Justia Connect members, we want to hear from you! If you have not already done so, please share your feedback about your recent webinar experience.",
      "Do you have an idea for a future speaker or topic? Let us know!"
    ],
    "button": {
      "style": "red",
      "link": "#",
      "text": "Share My Feedback",
      "width": 260
    }
  },
  "register-3": {
    "banner": "",
    "details": {},
    "message": [
      "Looking for 3 hours of CLE credit AND to advance your knowledge in emerging legal technologies in a snap? You’ve come to the right place. Join us for three legal technology webinars in May & June of 2024 with guest speakers Salar Atrizadeh, Thomas Shack, and Mathew Kerbis to advance your knowledge on a myriad of legal technology topics.",
      "Topics include:"
    ],
    "bullet-list": [
      "<strong><a href=\"https://connect.justia.com/webinars/attorneys-duties-towards-clients-when-using-technology\">Attorneys’ Duties Towards Clients When Using Technology</a></strong>",
      "<strong><a href=\"https://connect.justia.com/webinars/how-ai-impacts-small-solo-firms-exploring-the-potential-benefits-risks-of-incorporating-ai-into-practice\">How AI Impacts Small & Solo Firms: Exploring the Potential Benefits & Risks of Incorporating AI Into Practice</a></strong>",
      "<strong><a href=\"#\">From Billable Hours to Sustainable Income: The Power of Subscription Models + AI</a></strong>"
    ],
    "message2": [
      "Whether you’re a tech savvy lawyer looking to get an edge, or a technology novice looking for additional guidance, our guest speakers’ expertise will leave you feeling empowered."
    ],
    "bottomline": [
      "<strong><a href=\"#\">Sign Up for Our Exclusive Legal Tech Triple Feature Today!</a></strong>!"
    ],
    "button": {
      "style": "red",
      "link": "#",
      "text": "Register Now for All Three Webinars!",
      "width": 363
    },
    "message3": [
      "Please visit individual webinar pages for more information about CLE accreditation.",
      "If you want to earn CLE credit for your attendance at these webinars, you will need to <a href=\"https://connect.justia.com/pro\">upgrade to Justia Connect Pro</a> to take advantage of this exclusive benefit."
    ]
  }
}
