{
  "clients": {
    "layout": "with-date",
    "logo": {
      "name": "insights",
      "link": {
        "url": "https://www.justia.com/marketing/",
        "utm": {
          "medium": "email",
          "campaign": "<%= dateFormat.dash %>",
          "source": "client-newsletter",
          "content": "image-header-logo-1"
        }
      },
      "path": false,
      "alt": false
    }
  },
  "jld": {
    "layout": "logo-only",
    "logo": {
      "name": "insights",
      "link": {
        "url": "https://www.justia.com/marketing/connect/",
        "utm": {
          "medium": "email",
          "campaign": "<%= dateFormat.dash %>",
          "source": "insights-newsletter",
          "content": "image-header-logo-1"
        }
      },
      "path": "https://justatic.com/v/1/emails/images/newsletters/2022/06/justia-webinar.png",
      "alt": "Justia Webinars"
    }
  }
}
