{
    "conversionType": "newsletter",
    "port": 4000,
    "justatic_version": "1234",
    "current_year": "2017",
    "current_month": "04",

    "paths": {
        "src": "src",
        "src_img": "src/img",
        "dist": "dist",
        "dist_img": "dist/img",
        "preview": "preview",
        "live_img": "https://justatic.com/v/<%= justatic_version %>/emails/images/newsletters/<%= current_year %>/<%= current_month %>",
        "remote_img_path": "/mnt/files/emails/images/newsletters/<%= current_year %>/<%= current_month %>"
    },

    "compressed_file_name": "newsletter-<%= current_year %>-<%= current_month %>"
}
