{
  "title": "[featured article title]",
  "link": "#",
  "utm": {
    "medium": "?utm_medium=email",
    "campaign": "&utm_campaign=<%= currentYear %>-<%= currentMonth %>",
    "source": {
      "clients": "&utm_source=client-newsletter",
      "jld": "&utm_source=directory-newsletter"
    },
    "content": {
      "title": "&utm_content=text-onward-post-title-1",
      "image": "&utm_content=image-onward-post-1",
      "button": "&utm_content=button-learn-more-1"
    }
  },
  "description": "[Lorem ipsum dolor sit amet, consectetur adipisicing elit. Unde similique sint, animi. Molestiae eaque amet, fugit excepturi praesentium culpa, quae perferendis delectus ea corporis quia hic recusandae dolore, suscipit cumque?]",
  "button": {
    "text": "Learn More"
  },
  "list": [
    {
      "title": "[list item 1]",
      "link": "#"
    },
    {
      "title": "[list item 2]",
      "link": "#"
    },
    {
      "title": "[list item 3]",
      "link": "#"
    }
  ]
}
