{
  "places": [
    {
      "area": "CA - Los Angeles",
      "jobs": [
        {
          "title": "Counsel, Content Intellectual Property",
          "company": "Netflix",
          "link": "https://jobs.netflix.com/jobs/866768"
        }
      ]
    },
    {
      "area": "DC - Washington",
      "jobs": [
        {
          "title": "Counsel, Criminal Justice",
          "company": "Lawyers’ Committee for Civil Rights Under Law",
          "link": "https://lawyerscommittee.org/wp-content/uploads/2018/09/Counsel-Criminal-Justice.pdf"
        }
      ]
    },
    {
      "area": "NY - New York City",
      "jobs": [
        {
          "title": "Attorney, Voting Rights & Elections",
          "company": "Brennan Center for Justice at NYU School of Law",
          "link": "https://brennancenter.applytojob.com/apply/CNT0NQlGgp/Attorney-Voting-Rights-Elections"
        }
      ]
    }
  ]
}
