{
  "widget": {
    "type": "JUSTIA PORTAL NEWS",
    "header": "Take a Look at the Ongoing Development of Our Consumer Portal"
  },
  "titleResponsiveSize": 23,
  "contentOrder": [
    {
      "type": "list",
      "config": [
        "<strong>50-State Surveys.</strong> We’ve worked on surveys on public accommodations laws for the <a href=\"https://www.justia.com/civil-rights/\">Civil Rights and Discrimination Legal Center</a>, right-to-work laws for the <a href=\"https://www.justia.com/employment/\">Employment Law Center</a>, and distracted driving laws for the <a href=\"https://car-accidents.justia.com/\">Car Accidents Legal Center</a>.",
        "<strong>Law Schools.</strong> We've been involved in developing a process to significantly broaden the range of content accessible to prospective law students through our <a href=\"https://www.justia.com/law-schools/\">Justia U.S. Law Schools Center</a>."
      ]
    }
  ]
}
