{
  "widget": {
    "type": "TEAM ACTIVITY",
    "header": "Justia Super Bowl Challenge 2024"
  },
  "imageTop": "super-bowl.png",
  "contentOrder": [
    {
      "type": "description",
      "config": [
        "The Kansas City Chiefs secured a thrilling victory over the San Francisco 49ers with a score of 25-22 in overtime, winning the title of Super Bowl LVIII champions! A heartfelt thank you to everyone who enthusiastically participated in this year's edition. Congratulations to Jose Soto for the closest guess, Samuel Yang for the second closest guess, and Mayra for the third closest guess. Let's also acknowledge the honorable mention of Ken Chan and Rafael Peralta."
      ]
    }
  ]
}
