{
  "version": 2,
  "conversionType": "newsletter",
  "port": 4000,
  "justaticVersion": "2",
  "currentYear": "2018",
  "currentMonth": "10",

  "paths": {
    "src": "src",
    "srcImg": "src/img",
    "dist": "dist",
    "distImg": "dist/img",
    "preview": "preview",
    "liveImg": "https://justatic.com/v/<%= justaticVersion %>/emails/images/legal-jobs-newsletters/<%= currentYear %>/<%= currentMonth %>/blast",
    "remoteImgPath": "/mnt/files/emails/images/legal-jobs-newsletters/<%= currentYear %>/<%= currentMonth %>/blast"
  },

  "compressedFileName": "<%= conversionType %>-<%= currentYear %>-<%= currentMonth %>"
}
