{
  "clients": {
    "ad1": {},
    "ad2": {}
  },
  "jld": {
    "ad1": {
      "background": {
        "image": "ad-graphic-01.png",
        "width": 600,
        "bgColor": "#000000",
        "cssSize": "600px 850px"
      },
      "link": "https://www.justia.com/",
      "contentOrder": [
        {
          "type": "button",
          "config": {
            "style": "red",
            "text": "Find Out How",
            "width": 200,
            "height": 50,
            "fontSize": 18,
            "responsive": ""
          }
        },
        {
          "type": "description",
          "config": [
            "Or call us at <a href=\"tel:8885878421\" target=\"_blank\"><b>(888) 587-8421</b></a>"
          ]
        }
      ]
    },
    "ad2": {
      "background": {
        "image": "ad-graphic-02.png",
        "width": 600,
        "bgColor": "#000000",
        "cssSize": "600px 850px"
      },
      "link": "https://www.justia.com/",
      "contentOrder": [
        {
          "type": "button",
          "config": {
            "style": "red",
            "text": "Find Out How",
            "width": 200,
            "height": 50,
            "fontSize": 18,
            "responsive": ""
          }
        },
        {
          "type": "description",
          "config": [
            "Or call us at <a href=\"tel:8885878421\" target=\"_blank\"><b>(888) 587-8421</b></a>"
          ]
        }
      ]
    }
  }
}
