{
  "widget": {
    "icon": "ask-a-lawyer",
    "header": "Participating Lawyers",
    "type": "Ask A Lawyer",
    "link": "https://answers.justia.com/about-legal-answers#faq-atty"
  },
  "list": [
    {
      "id": "0000000",
      "rank": 1,
      "name": "[Ad amet nisi laboris aliquip magna proident.]",
      "location": "[Anytown, CA]",
      "nameLink": "https://answers.justia.com/",
      "photoLink": "https://www.justia.com/lawyers"
    },
    {
      "id": "0000000",
      "rank": 2,
      "name": "[Ipsum adipisicing quis]",
      "location": "[Anytown, CA]",
      "nameLink": "https://answers.justia.com/",
      "photoLink": "https://www.justia.com/lawyers"
    },
    {
      "id": "0000000",
      "rank": 3,
      "name": "[Adipisicing tempor]",
      "location": "[Anytown, CA]",
      "nameLink": "https://answers.justia.com/",
      "photoLink": "https://www.justia.com/lawyers"
    },
    {
      "id": "0000000",
      "rank": 4,
      "name": "[Exercitation voluptate]",
      "location": "[Anytown, CA]",
      "nameLink": "https://answers.justia.com/",
      "photoLink": "https://www.justia.com/lawyers"
    },
    {
      "id": "0000000",
      "rank": 5,
      "name": "[Cillum cupidatat]",
      "location": "[Anytown, CA]",
      "nameLink": "https://answers.justia.com/",
      "photoLink": "https://www.justia.com/lawyers"
    }
  ],
  "description": [
    "Justia Ask a Lawyer is a forum where people can get information from attorneys in response to their basic legal questions on a variety of topics. These attorneys answered the most questions in the past month."
  ],
  "button": {
    "style": "light-blue-ghost",
    "link": "https://answers.justia.com/about-legal-answers",
    "text": "Read More"
  }
}
