{
  "widget": {
    "icon": "jurispro",
    "header": "JurisPro Expert Witness Directory",
    "link": "https://www.jurispro.com/"
  },
  "description": [
    "JurisPro provides a free directory of expert witnesses in over 10,000 areas of expertise."
  ],
  "cases": [
    {
      "title": "[Qui incididunt id eu ad do ad incididunt eiusmod.]",
      "link": "https://www.justia.com/",
      "description": "[Sit elit dolore do aliquip. Eiusmod elit velit dolor deserunt adipisicing enim officia. Cupidatat...]"
    },
    {
      "title": "[Est deserunt quis anim cupidatat veniam et sit.]",
      "link": "https://www.justia.com/",
      "description": "[Adipisicing elit dolor eu Lorem. Id est occaecat officia aute occaecat. Cupidatat officia et adipisicing...]"
    },
    {
      "title": "[Incididunt dolore cillum sint nostrud eu occaecat officia dolor dolor sunt deserunt reprehenderit.]",
      "link": "https://www.justia.com/",
      "description": "[Occaecat velit ullamco sunt est esse Lorem voluptate. Ipsum esse reprehenderit non adipisicing nostrud labore...]"
    },
    {
      "title": "[Est qui velit reprehenderit ut occaecat eiusmod cupidatat non culpa non tempor eu non laboris.]",
      "link": "https://www.justia.com/",
      "description": "[Lorem duis duis quis exercitation sint consequat tempor laborum in deserunt. Incididunt laboris adipisicing dolor...]"
    }
  ]
}
