{
  "widget": {
    "icon": "law-events",
    "header": "Law Events"
  },
  "events": [
    {
      "day": "[00]",
      "month": "[Month]",
      "title": "[Voluptate nulla ad magna duis culpa veniam fugiat laboris cillum deserunt nulla dolor.]",
      "time": "[00PM ET]",
      "typeLocation": "[Webinar]",
      "link": "https://www.justia.com/"
    },
    {
      "day": "[00]",
      "month": "[Month]",
      "title": "[Voluptate nulla ad magna duis culpa veniam fugiat laboris cillum deserunt nulla dolor.]",
      "time": "[00PM ET]",
      "typeLocation": "[Webinar]",
      "link": "https://www.justia.com/"
    },
    {
      "day": "[00]",
      "month": "[Month]",
      "title": "[Voluptate nulla ad magna duis culpa veniam fugiat laboris cillum deserunt nulla dolor.]",
      "time": "[00PM ET]",
      "typeLocation": "[Webinar]",
      "link": "https://www.justia.com/"
    },
    {
      "day": "[00]",
      "month": "[Month]",
      "title": "[Voluptate nulla ad magna duis culpa veniam fugiat laboris cillum deserunt nulla dolor.]",
      "time": "[00PM ET]",
      "typeLocation": "[Webinar]",
      "link": "https://www.justia.com/"
    },
    {
      "day": "[00]",
      "month": "[Month]",
      "title": "[Voluptate nulla ad magna duis culpa veniam fugiat laboris cillum deserunt nulla dolor.]",
      "time": "[00PM ET]",
      "typeLocation": "[Webinar]",
      "link": "https://www.justia.com/"
    },
    {
      "day": "[00]",
      "month": "[Month]",
      "title": "[Voluptate nulla ad magna duis culpa veniam fugiat laboris cillum deserunt nulla dolor.]",
      "time": "[00PM ET]",
      "typeLocation": "[Webinar]",
      "link": "https://www.justia.com/"
    }
  ]
}
