{
  "widget": {
    "icon": "tech-news",
    "header": "Tech News"
  },
  "news": [
    {
      "title": "[Fugiat Lorem consectetur aute nulla sit.]",
      "link": "https://www.justia.com/",
      "description": "[Laboris officia est dolore aute. Reprehenderit quis occaecat ex aute. Occaecat consequat deserunt proident elit...]"
    },
    {
      "title": "[Aute ad ea ipsum culpa magna laborum irure ullamco officia eiusmod cillum eu qui excepteur.]",
      "link": "https://www.justia.com/",
      "description": "[Irure nostrud pariatur ipsum culpa sint laborum id irure in deserunt. Cillum ullamco in excepteur...]"
    },
    {
      "title": "[Duis dolore duis fugiat quis qui amet id fugiat nulla.]",
      "link": "https://www.justia.com/",
      "description": "[Occaecat laborum sit reprehenderit labore ex. Incididunt in occaecat mollit dolor amet aute tempor velit...]"
    }
  ]
}
