{
  "widget": {
    "type": "DID YOU KNOW?",
    "header": "Just Meet Up! Last Session of 2023"
  },
  "imageTop": "did-you-know-01.png",
  "contentOrder": [
    {
      "type": "description",
      "config": [
        "The energy was incredible at our last Just Meet Up! of 2023. On November 22nd, we had a full house! We dived into a super interesting discussion led by Claudia Duque on AI's legal and ethical aspects. She connected with the audience, making exploring the intricate dimensions of artificial intelligence insightful and engaging."
      ]
    }
  ]
}
