{
  "widget": {
    "type": "Our Blog",
    "header": "We Invite You to Read Our Latest Blog Posts on Justia Onward"
  },
  "description": {
    "top": [
      ""
    ],
    "bottom": [
      ""
    ]
  },
  "singleColumn": false,
  "columns": [
    {
      "image": {
        "src": "onward-03.png",
        "alt": "Google Unveils November 2023 Broad Core Algorithm Update"
      },
      "readMore": "https://onward.justia.com/google-unveils-november-2023-broad-core-algorithm-update/",
      "blockTitle": "Google Unveils November 2023 Broad Core Algorithm Update"
    },
    {
      "image": {
        "src": "onward-01.png",
        "alt": "Justia Legal Guides: Medical Malpractice Law Center"
      },
      "readMore": "https://onward.justia.com/justia-legal-guides-medical-malpractice-law-center/",
      "blockTitle": "Justia Legal Guides: Medical Malpractice Law Center"
    },
    {
      "image": {
        "src": "onward-02.png",
        "alt": "News & Notes From Google Local Services Ads: November 2023"
      },
      "readMore": "https://onward.justia.com/news-notes-from-google-local-services-ads-november-2023/",
      "blockTitle": "News & Notes From Google Local Services Ads: November 2023"
    },
    {
      "image": {
        "src": "onward-04.png",
        "alt": "Justia Lawyer Directory by the Numbers: Third Quarter 2023"
      },
      "readMore": "https://onward.justia.com/justia-lawyer-directory-by-the-numbers-third-quarter-2023/",
      "blockTitle": "Justia Lawyer Directory by the Numbers: Third Quarter 2023"
    }
  ]
}
