{
  "widget": {
    "type": "JUSTIA PORTAL NEWS",
    "header": "Take a Look at the Ongoing Development of Our Consumer Portal"
  },
  "titleResponsiveSize": 23,
  "contentOrder": [
    {
      "type": "list",
      "config": [
        "<strong>Case Summaries.</strong> Our ongoing efforts involve advancing a tool that utilizes artificial intelligence (AI) to provide concise summaries of cases within state and federal courts. Additionally, the tool was designed to identify the specific practice areas associated with each case.",
        "<strong>Enhanced Justia Legal Dictionary.</strong> We have incorporated an extensive array of new terms into our recently launched Justia Legal Dictionary, with a particular focus on intricate subjects such as patents, immigration, and commodity futures trading.",
        "<strong>New York Car Accidents Content.</strong> We generated a series of pages explaining the regulations related to car accidents in New York, aiming to enhance our presence in local search results."
      ]
    }
  ]
}
