{
  "background": {
    "image": "reminders-bg-01.png",
    "width": 400,
    "bgColor": "#074787",
    "cssSize": "550px 300px",
    "responsive": "mobile-padding-horizontal-sides mobile-no-padding-top mobile-reset-bg-image"
  },
  "contentOrder": [
    {
      "type": "image-description",
      "config": {
        "responsive": "mobile-fz-16 mobile-padding-horizontal-sides",
        "image": "reminders-graphic-01.png",
        "description": [
          "<b class=\"side-title\" responsive=\"collapse-one mobile-reset-width mobile-padding-top mobile-padding-bottom\">Reminders</b>",
          "<b>Taking Time Off is Good for You</b>Due to the pandemic, many people postponed their vacations. We encourage you to take time off and recharge. When you take time off, you get an opportunity to take a step back, focus on your "
        ]
      }
    },
    {
      "type": "description",
      "config": [
        "loved ones, and avoid work-related stress and burnout."
      ]
    }
  ]
}
