{
  "widget": {
    "type": "REVIEWS & RECOMMENDATIONS",
    "header": "The Joneses"
  },
  "titleResponsiveSize": 23,
  "link": "#",
  "contentOrder": [
    {
      "type": "image-description",
      "config": {
        "image": "review-01.png",
        "where": "Available on <a href=\"https://www.imdb.com/title/tt1285309/\" target=\"_blank\"><b>Apple TV+</b></a>",
        "description": [
          "<i>\"The Joneses,\" released in 2009, was a film that anticipated its era, showcasing influencer marketing before the Instagram boom. Widely regarded as a \"must-see\" for all marketers, the movie narrates the tale of a group of stealth marketers and skilled undercover salespeople infiltrating a high-income suburb to promote products discreetly.</i>",
          "<i>— Hector Lugo</i>"
        ]
      }
    }
  ]
}
