{
  "widget": {
    "type": "Justia INTERN Spotlight",
    "header": "Antonio Gonzalez is Participating in an Exchange Program in Spain"
  },
  "imageTop": "spotlight.png",
  "contentOrder": [
    {
      "type": "description",
      "config": [
        "Antonio Gonzalez, an intern on the Front-End Team, is enhancing his skills through an academic exchange program in Spain. He is currently enrolled at the University of Castilla La Mancha, studying project management and electronic commerce as part of the engineering degree program. Additionally, he is pursuing studies in audit management and security in the master's program."
      ]
    }
  ]
}
