{
  "internal": {
    "layout": "social-insider",
    "style": "insider",
    "logo": {
      "name": "justia-ver2",
      "link": {
        "url": "https://www.justia.com/"
      },
      "path": "https://justatic.com/branding/logos/emails/justia-20-justia-small-blue.png",
      "alt": false
    },
    "collaborators": "<b>Collaborators:</b> Alejandra Medina, Alejandro Moreno, Antonio Gonzalez, Arturo Jara, Erika Azuela, Genaro Osoria, Haydee Garcia, Jorge Contreras, Jose Ramos, Lauren Moskie, Miguel Berlanga, Omar Carreon, Rene Peralta, and Zoraida Vallejo.",
    "disclaimer": "You have received this email because you are a member of the Justia team. All content within The Justia Insider newsletter is the property of Justia unless otherwise stated. All rights reserved. No part of the newsletter may be reproduced, transmitted, or copied in any form or by any means without the prior written consent of Justia."
  }
}
