{
    "clients": {
        "ad1": {
            "image": "strong-content-01.png",
            "alt": "Content is needed for a strong site. Too busy to write or prefer not to write content yourself?",
            "link": "mailto:support@justia.com",
            "description": [
                "Call Us Now <b><a class=\"ios-links-white\" href=\"tel:8885878421\" target=\"_blank\">(888) 587-8421</a></b>",
                "We offer à la carte writing services that combine SEO best practices with your firm’s unique voice and approach to legal issues. Rest assured with an experienced legal marketing team drafting and editing your pages."
            ]
        }
    },

    "jld": {
        "ad1": {
            "image": "marketing-contact-01.png",
            "alt": "Take charge of your online marketing",
            "link": "https://marketing.justia.com/contact/promotion?utm_source=source-jld_newsletter&utm_campaign=campaign-2017_april&utm_content=takechargead"
        },
        "ad2": {
            "image": "marketing-contact-02.jpg",
            "alt": "Spring into New Marketing in the Justia Lawyer Directory",
            "link": "https://lawyers.justia.com/premium-placement-form?profile_id=*|PROFILE_ID|*&email=*|EMAIL|*&utm_source=source-jld_newsletter&utm_campaign=campaign-2017_april&utm_content=premiumplacementad"
        }
    }
}
