{
    "people": [{
        "id": "498977",
        "rank": 1,
        "name": "Andrew Engel",
        "location": "Centerville, OH",
        "name_link": "http://law.justia.com/annotations/lawyers/498977",
        "photo_link": "https://lawyers.justia.com/lawyer/498977"
    }],
    "description": "Justia Annotations is a platform for attorneys to write their own plain English explanations of case law to help consumers and other attorneys better understand the law.",
    "button_link": "http://law.justia.com/annotations/"
}
