{
    "people": [{
        "id": "198352",
        "rank": 1,
        "name": "Ali Ebrahimzadeh, Esq.",
        "location": "Los Angeles, CA",
        "name_link": "https://answers.justia.com/lawyer/198352/questions/answered",
        "photo_link": "https://lawyers.justia.com/lawyer/198352"
    }, {
        "id": "1508737",
        "rank": 2,
        "name": "Tristan Kenyon Schultz",
        "location": "Fort Collins, CO",
        "name_link": "https://answers.justia.com/lawyer/1508737/questions/answered",
        "photo_link": "https://lawyers.justia.com/lawyer/1508737"
    }, {
        "id": "1390452",
        "rank": 3,
        "name": "Peter Munsing",
        "location": "Wyomissing, PA",
        "name_link": "https://answers.justia.com/lawyer/1390452/questions/answered",
        "photo_link": "https://lawyers.justia.com/lawyer/1390452"
    }, {
        "id": "1490080",
        "rank": 4,
        "name": "Terrence H Thorgaard",
        "location": "Freeeport, FL",
        "name_link": "https://answers.justia.com/lawyer/1490080/questions/answered",
        "photo_link": "https://lawyers.justia.com/lawyer/1490080"
    }, {
        "id": "1514168",
        "rank": 5,
        "name": "Joseph Jaap",
        "location": "Cincinnati, OH",
        "name_link": "https://answers.justia.com/lawyer/1514168/questions/answered",
        "photo_link": "https://lawyers.justia.com/lawyer/1514168"
    }],
    "description": "Justia Ask a Lawyer is a forum where people can get information from attorneys in response to their basic legal questions on a variety of topics. These attorneys answered the most questions in the past month.",
    "button_link": "https://answers.justia.com/about-legal-answers"
}
