{
    "news": [{
        "logo_name": "Justia Client Miller & Zois Wins Inaugural Maryland State Bar Website Award",
        "link": "https://onward.justia.com/2017/03/28/justia-client-miller-zois-wins-inaugural-maryland-state-bar-website-award/",
        "description": "The Maryland State Bar presented Justia website client <b>Miller & Zois</b> with the inaugural Zenith Award for excellence in online legal marketing. The firm’s use of “Call to Actions” on its website impressed the Bar’s Law Office Management Assistance Office."
    }, {
        "logo_name": "New York Post",
        "link": "http://nypost.com/2017/03/18/renoir-masterpiece-at-center-of-bitter-estate-feud/",
        "description": "<b>Jules Haas</b> quoted in New York Post regarding Renoir masterpiece involved in estate feud."
    }]
}
