{
    "cases": [{
        "title": "Radiology Expert Witness Testimony Confirms No Child Abuse",
        "link": "http://www.expertwitnessblog.com/2017/03/radiology-expert-witness-testimony-confirms-no-child-abuse.html",
        "description": "The testimony of a radiology expert witness and endocrinology expert witness confirm that a child under eighteen years of age was not abused."
    }, {
        "title": "Law Enforcement Expert Witness Allowed to Testify in Fourth Amendment Case",
        "link": "http://www.expertwitnessblog.com/2017/03/law-enforcement-expert-witness-testimony-allowed-part.html",
        "description": "The court allowed an law enforcement expert witness to testify regarding an investigation into mortgage fraud, but could not opine on any legal conclusions."
    }, {
        "title": "The Testimony of Chemistry Expert Witness Should Have Been Excluded in DUI Case",
        "link": "http://www.expertwitnessblog.com/2017/03/chemistry-expert-witness-testimony-not-allowed-says-north-carolina-appeals-court.html",
        "description": "It was improper to admit the testimony of a chemistry expert regarding \"retrograde extrapolation.\"  However, the court found that the lower court's ruling did not prejudice the defendant."
    }]
}
