{
    "events": [{
        "date_time": "April 5 1PM ET",
        "type_location": "Webinar",
        "description": "To Indemnify, or To Hold Harmless?",
        "link": "http://linkon.in/M040517"
    }, {
        "date_time": "April 7 1PM ET",
        "type_location": "Webinar",
        "description": "Free and Low Cost Internet Legal Research For Family Lawyers, Part&nbsp;I",
        "link": "http://linkon.in/M040717"
    }, {
        "date_time": "April 11 1PM ET",
        "type_location": "Webinar",
        "description": "8 Mistakes Experienced Contract Drafters Usually Make",
        "link": "http://linkon.in/M041117"
    }, {
        "date_time": "April 12 1PM ET",
        "type_location": "Webinar",
        "description": "How to Avoid Potential Malpractice Pitfalls in the Cloud and in Everyday Law Office Computing",
        "link": "http://linkon.in/M041217"
    }, {
        "date_time": "April 20 2PM ET",
        "type_location": "Webinar",
        "description": "Finding and Researching Experts on the Web",
        "link": "http://linkon.in/M042017"
    }]
}
