{
    "clients": {
        "title": {
            "line1": "Welcome to the <%= current_month_string %> <%= current_year %> edition of",
            "line2": "the Justia client newsletter!"
        },
        "message": "Get an inside look at new developments in online marketing, keep up with the latest social media trends, and hear about what’s happening at JUSTIA."
    },
    "jld": {
        "title": {
            "line1": "Welcome to the <%= current_month_string %> <%= current_year %> edition of",
            "line2": "the Justia monthly newsletter!"
        },
        "message": "Get an inside look at new developments in online marketing, keep up with the latest social media trends, and hear about what’s happening at JUSTIA."
    }
}
