{
  "webinar-01": {
    "background": {
      "image": "gray-bg.png",
      "width": 0,
      "bgColor": "",
      "cssSize": ""
    },
    "link": "https://us06web.zoom.us/webinar/register/4316612882330/WN_1zpGwoa1R1m5eNWIK7RCYw",
    "image": "webinar-registration.jpg"
  },
  "two-weeks-unregistered": {
    "background": {
      "image": "gray-bg.png",
      "width": 0,
      "bgColor": "",
      "cssSize": ""
    },
    "link": "https://us06web.zoom.us/webinar/register/4316612882330/WN_1zpGwoa1R1m5eNWIK7RCYw",
    "image": "webinar-registration.jpg"
  },
  "two-weeks-registered": {
    "background": {
      "image": "gray-bg.png",
      "width": 0,
      "bgColor": "",
      "cssSize": ""
    },
    "link": "https://connect.justia.com/webinars/advanced-citation-link-building-for-seo",
    "image": "webinar-registered.jpg"
  },
  "one-weeks-unregistered": {
    "background": {
      "image": "gray-bg.png",
      "width": 0,
      "bgColor": "",
      "cssSize": ""
    },
    "link": "https://us06web.zoom.us/webinar/register/4316612882330/WN_1zpGwoa1R1m5eNWIK7RCYw",
    "image": "webinar-registration.jpg"
  },
  "one-weeks-registered": {
    "background": {
      "image": "gray-bg.png",
      "width": 0,
      "bgColor": "",
      "cssSize": ""
    },
    "link": "https://connect.justia.com/webinars/advanced-citation-link-building-for-seo",
    "image": "webinar-registered.jpg"
  },
  "two-days-registered": {
    "background": {
      "image": "gray-bg.png",
      "width": 0,
      "bgColor": "",
      "cssSize": ""
    },
    "link": "https://connect.justia.com/webinars/advanced-citation-link-building-for-seo",
    "image": "webinar-registered.jpg"
  },
  "last-chance": {
    "background": {
      "image": "gray-bg.png",
      "width": 0,
      "bgColor": "",
      "cssSize": ""
    },
    "link": "https://us06web.zoom.us/webinar/register/4316612882330/WN_1zpGwoa1R1m5eNWIK7RCYw",
    "image": "webinar-registration.jpg"
  },
  "day-of-registered": {
    "background": {
      "image": "gray-bg.png",
      "width": 0,
      "bgColor": "",
      "cssSize": ""
    },
    "link": "https://connect.justia.com/webinars/advanced-citation-link-building-for-seo",
    "image": "webinar-registered.jpg"
  },
  "pro-recording": {
    "background": {
      "image": "gray-bg.png",
      "width": 0,
      "bgColor": "",
      "cssSize": ""
    },
    "link": "#",
    "image": "post-webinar.png",
    "title": "Want to Reinforce What<br>You Learned?"
  },
  "pro-recording-missed": {
    "background": {
      "image": "gray-bg.png",
      "width": 0,
      "bgColor": "",
      "cssSize": ""
    },
    "link": "#",
    "image": "post-webinar.png",
    "title": "We Missed You at the Advanced Citation and Link Building for SEO Webinar"
  },
  "basic-recording": {
    "background": {
      "image": "gray-bg.png",
      "width": 0,
      "bgColor": "",
      "cssSize": ""
    },
    "link": "#",
    "image": "post-webinar.png",
    "title": "Want to Reinforce What<br>You Learned?"
  },
  "basic-recording-missed": {
    "background": {
      "image": "gray-bg.png",
      "width": 0,
      "bgColor": "",
      "cssSize": ""
    },
    "link": "#",
    "image": "post-webinar.png",
    "title": "You Can Still Learn About Advanced Citation and Link Building for SEO"
  },
  "survey": {
    "background": {
      "image": "gray-bg.png",
      "width": 0,
      "bgColor": "",
      "cssSize": ""
    },
    "link": "#",
    "image": "webinar-survey.png",
    "title": "Your Opinion Matters to Us."
  },
  "nonattendance": {
    "background": {
      "image": "gray-bg.png",
      "width": 0,
      "bgColor": "",
      "cssSize": ""
    },
    "link": "#",
    "image": "webinar-nonattendance.png",
    "title": "Tell Us <span>Your Opinion</span>"
  },
  "save-the-date": {
    "image": "save-the-date-01.gif"
  }
}
