{
  "widget": {
    "icon": "ask-a-lawyer",
    "header": "Top Participating Member",
    "type": "Justia Ask A Lawyer",
    "link": "https://answers.justia.com/about-legal-answers#faq-atty"
  },
  "list": [
    {
      "id": "1666897",
      "rank": 1,
      "name": "Dan Rowan Cortright",
      "location": "Rohnert Park, CA",
      "nameLink": "https://answers.justia.com/lawyer/1666897/questions/answered?utm_medium=email&utm_source=directory-newsletter&utm_campaign=2022-05&utm_content=name-lawyer-ask-a-lawyer-leaderboard-1",
      "photoLink": "https://lawyers.justia.com/lawyer/1666897?utm_medium=email&utm_source=directory-newsletter&utm_campaign=2022-05&utm_content=image-lawyer-ask-a-lawyer-leaderboard-1"
    }
  ],
  "description": [
    "Justia Ask A Lawyer is a forum where people can get information from attorneys in response to their basic legal questions on a variety of topics. This Justia Connect member answered the most questions in the past month.",
    "Want to be featured? Start answering questions today."
  ],
  "button": {
    "style": "justia-blue-ghost",
    "link": "https://answers.justia.com/about-legal-answers",
    "text": "Learn More",
    "width": 150
  }
}
