{
  "clients": {
    "widget": {
      "icon": "did-you-know",
      "header": "Did You Know?"
    },
    "banner": "did-you-know-icon.png",
    "title": "[Irure magna tempor Lorem ullamco cupidatat sint esse amet.]",
    "link": "https://www.justia.com/",
    "description": [
      "[Elit Lorem ex sunt voluptate officia nisi veniam. Irure ipsum aliquip ad eu sunt excepteur ex in id labore velit fugiat enim. Aliqua anim tempor nostrud mollit proident dolor. Lorem veniam velit et mollit anim Lorem ipsum aliqua consequat proident ullamco.]"
    ],
    "button": {
      "style": "justia-blue-ghost",
      "link": "https://www.justia.com/",
      "text": "Learn More",
      "utm": {}
    }
  },
  "jld": {
    "widget": {
      "icon": "did-you-know",
      "header": "Did You Know?"
    },
    "banner": "did-you-know-icon.png",
    "title": "[Labore nulla cillum exercitation laborum do eiusmod.]",
    "link": "https://www.justia.com/marketing/",
    "description": [
      "[Quis reprehenderit aliquip laboris ex id ex adipisicing non cupidatat cillum adipisicing. Exercitation voluptate ex magna id dolore adipisicing commodo ex cupidatat officia veniam eu dolore. Labore quis ullamco ea magna id sit. Voluptate dolore id ad fugiat fugiat ipsum minim excepteur nisi laboris. Non ipsum ea ipsum laboris ullamco minim consectetur. Ullamco cupidatat ut magna do. Laboris et incididunt cillum voluptate voluptate sunt mollit pariatur irure non commodo commodo.]",
      "[Nostrud velit occaecat excepteur deserunt laboris duis irure commodo irure ullamco magna occaecat in. Duis cupidatat enim aliqua est ut amet sunt. Aliquip duis nulla eu commodo dolore nostrud labore adipisicing duis culpa.]"
    ],
    "button": {
      "style": "justia-blue-ghost",
      "link": "https://www.justia.com/marketing/",
      "text": "Learn More",
      "utm": {
        "medium": "email",
        "source": "insights-newsletter",
        "campaign": "<%= dateFormat.dash %>",
        "content": "section-did-you-know-learn-more-button-v1"
      }
    }
  }
}
