{
  "widget": {
    "icon": "events-we-attended",
    "header": "Events We Attended"
  },
  "columns": [
    {
      "image": {
        "src": "events-attended-01.jpg",
        "alt": "[Do irure do commodo et veniam velit.]"
      },
      "blockTitle": "[Do irure do commodo et veniam velit.]",
      "description": [
        "[Aliquip nisi amet et aliqua quis reprehenderit veniam proident eiusmod.]",
        "[Commodo cillum nulla laborum velit ad proident excepteur officia irure.]"
      ],
      "readMore": "https://www.justia.com/"
    },
    {
      "image": {
        "src": "events-attended-01.jpg",
        "alt": "[Culpa mollit aliquip voluptate Lorem non aliquip.]"
      },
      "blockTitle": "[Culpa mollit aliquip voluptate Lorem non aliquip.]",
      "description": [
        "[Voluptate culpa eu labore velit adipisicing voluptate. Amet ullamco ex in voluptate ex est. Occaecat sint proident proident ad sunt.]"
      ],
      "readMore": "https://www.justia.com/"
    }
  ]
}
