{
  "widget": {
    "icon": "featured-news",
    "header": "Featured News"
  },
  "link": "https://onward.justia.com/how-to-create-a-linkedin-company-page-for-your-law-firm/",
  "utm": {
    "clients": {
      "medium": "email",
      "campaign": "<%= dateFormat.dash %>",
      "source": "client-newsletter",
      "content": {
        "title": "text-onward-post-title-1",
        "image": "image-onward-post-1",
        "button": "button-learn-more-1"
      }
    },
    "jld": {
      "medium": "email",
      "campaign": "<%= dateFormat.dash %>",
      "source": "insights-newsletter",
      "content": {
        "title": "text-onward-post-title-1",
        "image": "image-onward-post-1",
        "button": "button-learn-more-1"
      }
    }
  },
  "banner": "featured-news-01.png",
  "title": "How to Create a LinkedIn Company Page for Your Law Firm",
  "description": [
    "LinkedIn is a professional social network and amongst the most popular channels for law firms to grow their firm. Don’t have a LinkedIn page yet for your practice? In this post, we are walking you through creating a company page for your law firm."
  ],
  "button": {
    "style": "justia-blue-ghost",
    "link": "https://onward.justia.com/how-to-create-a-linkedin-company-page-for-your-law-firm/",
    "text": "Read More"
  }
}
