{
  "widget": {
    "icon": "featured-site-of-the-month",
    "header": {
      "singular": "Featured Site of the Month",
      "plural": "Featured Sites of the Month"
    }
  },
  "justiaLink": "https://www.justia.com/marketing/elevate/",
  "sites": [
    {
      "clientName": "Mehr, Fairbanks & Peterson",
      "location": {
        "detailed": "Lexington, KY",
        "short": "Lexington, KY"
      },
      "possessiveAdjective": "their",
      "domain": {
        "long": "https://www.mehrfairbanks.com/",
        "simple": "mehrfairbanks.com"
      },
      "screenshots": "featured-site-01.jpg"
    }
  ],
  "description": [
    "At Justia, we build law firm websites that are responsive, mobile friendly, and AMP enabled. Our commitment to high-quality, relevant websites will help you attract clients in the practice areas and locations most important to your firm.",
    "If you would just like to learn more about what we have to offer, contact one of our marketing specialists today."
  ],
  "button": {
    "style": "red",
    "link": "https://www.justia.com/marketing/contact/",
    "text": "Contact Us"
  },
  "utm": {
    "clients": {
      "medium": "email",
      "campaign": "<%= dateFormat.dash %>",
      "source": "client-newsletter",
      "content": {
        "justiaLink": "section-featured-site-of-the-month-link-v1",
        "button": "section-featured-site-of-the-month-learn-more-button-v1"
      }
    },
    "jld": {
      "medium": "email",
      "campaign": "<%= dateFormat.dash %>",
      "source": "insights-newsletter",
      "content": {
        "justiaLink": "section-featured-site-of-the-month-link-v1",
        "button": "button-learn-more-1"
      }
    }
  }
}
