{
  "widget": {
    "icon": "legal-industry-news",
    "header": "Legal Industry News"
  },
  "news": [
    {
      "title": "[Title]",
      "link": "https://www.justia.com/",
      "description": "[Lorem ipsum dolor sit amen magna laborum irure ullamco...]"
    },
    {
      "title": "[Title]",
      "link": "https://www.justia.com/",
      "description": "[Lorem ipsum dolor sit amen magna laborum irure ullamco...]"
    },
    {
      "title": "[Title]",
      "link": "https://www.justia.com/",
      "description": "[Lorem ipsum dolor sit amen magna laborum irure ullamco...]"
    },
    {
      "title": "[Title]",
      "link": "https://www.justia.com/",
      "description": "[Lorem ipsum dolor sit amen magna laborum irure ullamco...]"
    }
  ]
}
