{
  "clients": {
    "widget": {
      "icon": "tip-of-the-month",
      "header": "Tip of the Month"
    },
    "banner": "tip-of-the-month.png",
    "title": "Set Up Your Law Firm’s Professional Twitter Account",
    "description": [
      "Twitter recently made its free professional accounts available for all users. Now, your law firm can take advantage of tools reserved for professional accounts, such as Twitter ads and professional profiles."
    ],
    "button": {
      "style": "red",
      "link": "",
      "text": "Learn How",
      "width": 150
    }
  },
  "jld": {
    "widget": {
      "icon": "tip-of-the-month",
      "header": "Tip of the Month"
    },
    "banner": "tip-of-the-month.png",
    "title": "Set Up Your Law Firm’s Professional Twitter Account",
    "description": [
      "Twitter recently made its free professional accounts available for all users. Now, your law firm can take advantage of tools reserved for professional accounts, such as Twitter ads and professional profiles."
    ],
    "button": {
      "style": "red",
      "link": "https://business.twitter.com/en/help/account-setup/professional-accounts.html?utm_medium=email&utm_campaign=2022-05&utm_source=insights-newsletter&utm_content=section-tip-of-the-month-button-v1",
      "text": "Learn More",
      "width": 150
    }
  }
}
