{
  "widget": {
    "icon": "trending-news",
    "header": "Trending News"
  },
  "banner": "trending-icon.png",
  "subtitle": "These are our editors' picks from across the web. Because you can't always trust an automated feed.",
  "columns": [
    {
      "category": "Tech",
      "colored": "green",
      "news": [
        {
          "title": "New Salary Disclosure Law in Washington State Could Spell Big Changes for Tech Companies ",
          "link": "https://www.geekwire.com/2022/new-salary-disclosure-law-in-washington-state-could-spell-big-changes-for-tech-companies/"
        },
        {
          "title": "An Apple Store in Atlanta Is the First to File for a Union Election",
          "link": "https://techcrunch.com/2022/04/21/apple-store-union-election-atlanta/"
        },
        {
          "title": "ISPs Can’t Find Any Judges Who Will Block California Net Neutrality Law",
          "link": "https://arstechnica.com/tech-policy/2022/04/isps-cant-find-any-judges-who-will-block-california-net-neutrality-law/"
        },
        {
          "title": "How Walmart and Alphabet Jumped Ahead of Amazon in Drone Delivery",
          "link": "https://arstechnica.com/tech-policy/2022/04/how-walmart-and-alphabet-jumped-ahead-of-amazon-in-drone-delivery/"
        }
      ]
    },
    {
      "category": "SEO",
      "colored": "orange",
      "news": [
        {
          "title": "Top 25 Local Search Ranking Signals You Need To Know",
          "link": "https://www.searchenginejournal.com/local-seo/top-ranking-signals/"
        },
        {
          "title": "SEO Glossary: 200+ Terms & Definitions You Need to Know ",
          "link": "https://www.searchenginejournal.com/seo-glossary/"
        },
        {
          "title": "21 Web Directories You’ll Still Want To Use ",
          "link": "https://www.searchenginejournal.com/web-directories-list/"
        },
        {
          "title": "Toxic Links & Disavows: A Comprehensive SEO Guide",
          "link": "https://searchengineland.com/toxic-links-disavows-seo-383324"
        }
      ]
    },
    {
      "category": "Social Media",
      "colored": "yellow",
      "news": [
        {
          "title": "Why Elon Musk Buying Twitter Is Such a Big Deal",
          "link": "https://www.cnn.com/2022/04/26/tech/importance-of-musk-buying-twitter/index.html"
        },
        {
          "title": "LinkedIn Can’t Use Anti-Hacking Law to Block Web Scraping, Judges Rule",
          "link": "https://arstechnica.com/tech-policy/2022/04/linkedin-cant-use-anti-hacking-law-to-block-web-scraping-judges-rule/"
        },
        {
          "title": "Instagram to Improve Its Ranking System to Better Highlight Original Content",
          "link": "https://techcrunch.com/2022/04/20/instagram-ranking-system-recommend-original-content/"
        },
        {
          "title": "Twitter for Professionals: How to Switch to a Professional Account",
          "link": "https://searchengineland.com/twitter-professional-account-383392"
        }
      ]
    },
    {
      "category": "Legal",
      "colored": "teal",
      "news": [
        {
          "title": "Biden Administration to Cancel Student Loan Debt for at Least 40,000 Borrowers. It Could Wipe Out $3.9 Billion",
          "link": "https://fortune.com/2022/04/19/student-loan-debt-cancel-pslf-biden/"
        },
        {
          "title": "Juul Will Pay $22.5 Million to Settle a Washington State Lawsuit",
          "link": "https://www.engadget.com/juul-washington-state-lawsuit-settlement-142153497.html"
        },
        {
          "title": "Lawyers Have an Obligation to Ensure Employees Don’t Solicit Clients, New ABA Ethics Opinion Says",
          "link": "https://www.abajournal.com/news/article/lawyers-have-obligation-to-ensure-employees-dont-solicit-clients-new-aba-ethics-opinion-says"
        },
        {
          "title": "What Laws Apply In Metaverse?",
          "link": "https://abovethelaw.com/2022/04/what-laws-apply-in-metaverse/"
        }
      ]
    }
  ]
}
