{
  "webinar-01": {
    "banner": "",
    "details": {
      "date": "September 28, 2022",
      "time": "11:00am PT/2:00pm ET"
    },
    "message": [
      "Name,",
      "Today’s the day! <b><a href=\"https://us06web.zoom.us/webinar/register/4316612882330/WN_1zpGwoa1R1m5eNWIK7RCYw\" target=\"_blank\">Registration is open</a></b> to all Justia Connect members for our next Justia Webinar.",
      "We’re continuing our series on law firm website SEO on September 28, 2022 when Justia CEO Tim Stanley explores advanced strategies for citation and link building to improve your site’s performance in Google Search results."
    ],
    "bottomline": [
      "<b>Seats are going fast! <br> Don’t miss your chance to join this exclusive presentation.</b>"
    ],
    "button": {
      "style": "red",
      "link": "https://us06web.zoom.us/webinar/register/4316612882330/WN_1zpGwoa1R1m5eNWIK7RCYw",
      "text": "Get on the Guest List",
      "width": 250
    },
    "note": [
      "<b>Already registered?</b> <br> No need to register again! We have you on our list and look forward to seeing you on September 28."
    ]
  },
  "two-weeks-unregistered": {
    "banner": "",
    "details": {
      "date": "September 28, 2022",
      "time": "11:00am PT/2:00pm ET"
    },
    "message": [
      "Name,",
      "Ever wondered how to respond to a Google penalty? Want to know more about tools for analyzing your backlink profile? We have answers!",
      "In just two weeks, Justia CEO and SEO expert Tim Stanley continues our series of webinars on law firm website SEO where he will explore these questions and more. The presentation begins promptly at 11:00am PT on September 28 so <b><a href=\"https://us06web.zoom.us/webinar/register/4316612882330/WN_1zpGwoa1R1m5eNWIK7RCYw\" target=\"_blank\">RSVP today</a></b> and mark your calendars!"
    ],
    "button": {
      "style": "red",
      "link": "https://us06web.zoom.us/webinar/register/4316612882330/WN_1zpGwoa1R1m5eNWIK7RCYw",
      "text": "RSVP Today",
      "width": 250
    },
    "note": [
      "<b>Already registered?</b> <br> No need to register again! We have you on our list and look forward to seeing you on September 28."
    ]
  },
  "two-weeks-registered": {
    "banner": "",
    "details": {
      "date": "September 28, 2022",
      "time": "11:00am PT/2:00pm ET"
    },
    "message": [
      "Hi Name,",
      "In two short weeks, you will be learning advanced internal and external linking strategies, how to analyze your law firm website’s backlink profile, and more in our members-only webinar with Justia CEO Tim Stanley!",
      "You should have received an email from Zoom with your unique access link for this webinar. If you have not already received this email from Zoom, please <b><a href=\"http://support.justia.com/\" target=\"_blank\">contact Justia Support</a></b> for assistance."
    ],
    "note": [
      "<b>Can’t make your webinar?</b> The recording will be available to Justia Connect Pros. Unlock access when you <b><a href=\"#\" target=\"_blank\">Go Pro!</a></b>"
    ]
  },
  "one-weeks-unregistered": {
    "banner": "",
    "details": {
      "date": "September 28, 2022",
      "time": "11:00am PT/2:00pm ET"
    },
    "message": [
      "Still haven’t RSVP’d to our upcoming webinar? Time is running out…and seats are too!",
      "On September 28 at 11:00am PT, Tim Stanley – the fearless leader of Justia – will continue the Justia Webinars series on law firm website SEO with a presentation on <b><a href=\"#\" target=\"_blank\">SEO for Law Firm Websites: Advanced Strategies for Citation and Link Building</a></b>.",
      "You won’t want to miss this opportunity to learn strategies that can help your firm grow. <b><a href=\"https://us06web.zoom.us/webinar/register/4316612882330/WN_1zpGwoa1R1m5eNWIK7RCYw\" target=\"_blank\">Register today.</a></b>"
    ],
    "button": {
      "style": "red",
      "link": "https://us06web.zoom.us/webinar/register/4316612882330/WN_1zpGwoa1R1m5eNWIK7RCYw",
      "text": "RSVP Today",
      "width": 250
    },
    "note": [
      "<b>Already registered?</b> <br> No need to register again! We have you on our list and look forward to seeing you on September 28."
    ]
  },
  "one-weeks-registered": {
    "banner": "",
    "details": {
      "date": "September 28, 2022",
      "time": "11:00am PT/2:00pm ET"
    },
    "message": [
      "Name,",
      "It’s almost time for your Justia Webinar! At this time next week (11:00 a.m. PT), Justia CEO and SEO expert Tim Stanley will be offering information on advanced citation and link building strategies to improve your website SEO.",
      "You should have received an email from Zoom with your unique access link for this webinar. If you have not already received this email from Zoom, please <b><a href=\"http://support.justia.com/\" target=\"_blank\">contact Justia Support</a></b> for assistance."
    ],
    "note": [
      "<b>Want to watch the recording instead?</b><br>You’ll need to <b><a href=\"#\" target=\"_blank\">upgrade to Pro</a></b> to unlock access."
    ]
  },
  "two-days-registered": {
    "banner": "",
    "details": {
      "date": "September 28, 2022",
      "time": "11:00am PT/2:00pm ET"
    },
    "message": [
      "Hi Name,",
      "Ready or not, it’s almost here! In just two days Justia Webinars is presenting Law Firm Website SEO: Advanced Citation and Link Building and you’re on the list.",
      "Make sure you can locate your email from Zoom with the personalized access link for this webinar. If you have not already received an access email from Zoom, please <b><a href=\"http://support.justia.com/\" target=\"_blank\">contact Justia Support</a></b> for assistance as soon as possible."
    ],
    "note": [
      "<b>Need to cancel your registration?</b><br> We understand. <b><a href=\"#\" target=\"_blank\">Upgrade to Justia Connect Pro</a></b> to unlock access to all Justia Webinars recordings."
    ]
  },
  "last-chance": {
    "banner": "",
    "details": {
      "date": "September 28, 2022",
      "time": "11:00am PT/2:00pm ET"
    },
    "message": [
      "Name,",
      "Waiting for a sign to <b><a href=\"https://us06web.zoom.us/webinar/register/4316612882330/WN_1zpGwoa1R1m5eNWIK7RCYw\" target=\"_blank\">register for our Justia Webinar</a></b> on advanced citation and link building for SEO? This is it!.",
      "Today is the day and we had a couple of people reach out with last minute cancellations, so seats are still available for the presentation! At 11:00am PT, Justia CEO Tim Stanley will cover using Google Search Console to analyze your backlink profile, responding to Google penalties, the relationship between Google Business Profile and your SEO strategy, and more."
    ],
    "bottomline": [
      "<b>What are you waiting for?</b>"
    ],
    "button": {
      "style": "red",
      "link": "https://us06web.zoom.us/webinar/register/4316612882330/WN_1zpGwoa1R1m5eNWIK7RCYw",
      "text": "Join This Webinar",
      "width": 250
    },
    "note": [
      "<b>Already registered?</b> <br> No need to register again!We have you on our list and look forward to seeing you in a few short hours."
    ]
  },
  "day-of-registered": {
    "banner": "",
    "details": {
      "date": "September 28, 2022",
      "time": "11:00am PT/2:00pm ET"
    },
    "message": [
      "<b style=\"display:block;text-align:center\">Knock, knock.</b>",
      "<span style=\"display:block;text-align:center\">Who’s there?</span>",
      "<b style=\"display:block;text-align:center\">You.</b>",
      "<span style=\"display:block;text-align:center\">You who?</span>",
      "<b style=\"display:block;text-align:center\">Yoohoo – It’s Justia Webinar day!</b>",
      "Don’t forget your Justia Webinar, SEO for Law Firm Websites: Advanced Citation and Link Building begins at 11:00am PT.",
      "You should have received a personalized Zoon link for this webinar. If you cannot locate your link, please <b><a href=\"http://support.justia.com/\" target=\"_blank\">contact Justia Support</a></b> immediately for assistance.",
      "If you can’t make it but want to watch this webinar, <b><a href=\"#\" target=\"_blank\">Upgrade to Justia Connect Pro</a></b> to unlock access to the recording."
    ]
  },
  "pro-recording": {
    "banner": "",
    "message": [
      "Hi Name,",
      "Thanks for attending our <b><a href=\"#\" target=\"_blank\">Justia Webinar, SEO for Law Firm Websites: Advanced Citation and Link Building</a></b>. We shared a lot of information—so much info that you may want to hear it again!",
      "As a Justia Connect Pro, you have exclusive access to watch our recording of the presentation at your own pace. Catch the information you may have missed, reinforce the key points, or listen while you work.",
      "How you choose to use the recording is up to you. Enjoy!"
    ],
    "button": {
      "style": "red",
      "link": "#",
      "text": "Watch Now",
      "width": 250
    }
  },
  "pro-recording-missed": {
    "banner": "",
    "message": [
      "Hi Name,",
      "Things happen. Urgent client matters need attention. People forget to mark their calendar. Conflicts occur. We get it.",
      "The good news? Regardless of what prevented you from attending Justia Webinars recent program on <b><a href=\"#\" target=\"_blank\">SEO for Law Firm Websites: Advanced Citation and Link Building</a></b>, you can now watch it whenever you want!",
      "As a Justia Connect Pro, you have exclusive access to the webinar recording and can still take advantage of SEO insights from our CEO to improve your website’s SEO strategy.",
      "Happy Watching!"
    ],
    "button": {
      "style": "red",
      "link": "#",
      "text": "Watch Now",
      "width": 250
    }
  },
  "basic-recording": {
    "banner": "",
    "message": [
      "Hi Name,",
      "Thanks for attending our <b><a href=\"#\" target=\"_blank\">Justia Webinar, SEO for Law Firm Websites: Advanced Citation and Link Building</a></b>. We shared a lot of information—so much info that you may want to hear it again!",
      "Did you know that all Justia Webinar recordings, including the recent program SEO for Law Firm Websites: Advanced Citation and Link Building, are available on-demand for <b><a href=\"#\" target=\"_blank\">Justia Connect Pro</a></b> members.",
      "For as little as $16.65/month*, you can watch Justia Webinars recordings whenever convenient for you and unlock access to all of the features Justia Connect Pro has to offer! <b><a href=\"#\" target=\"_blank\">Upgrade today</a></b> to get access."
    ],
    "button": {
      "style": "red",
      "link": "#",
      "text": "Go Pro Now",
      "width": 250
    },
    "note": [
      "*$16.65/month when paid annually. Justia Connect Pro is $19.99/month for members who select a monthly payment plan."
    ]
  },
  "basic-recording-missed": {
    "banner": "",
    "message": [
      "Hi Name,",
      "We noticed you couldn’t make it to our recent Justia Webinar, but that doesn’t mean you have to miss out!",
      "Did you know that all Justia Webinar recordings, including the recent program <b><a href=\"#\" target=\"_blank\">SEO for Law Firm Websites: Advanced Citation and Link Building</a></b>, are available on-demand for <b><a href=\"#\" target=\"_blank\">Justia Connect Pro</a></b> members.",
      "For as little as $16.65/month*, you can watch Justia Webinars recordings whenever convenient for you and unlock access to all of the features Justia Connect Pro has to offer! <b><a href=\"#\" target=\"_blank\">Upgrade today</a></b> to get access."
    ],
    "button": {
      "style": "red",
      "link": "#",
      "text": "Go Pro",
      "width": 250
    },
    "note": [
      "*$16.65/month when paid annually. Justia Connect Pro is $19.99/month for members who select a monthly payment plan."
    ]
  },
  "survey": {
    "banner": "",
    "message": [
      "Hi Name,",
      "Thank you for joining us for our recent Justia Webinars presentation, <b><a href=\"#\" target=\"_blank\">SEO for Law Firm Websites: Advanced Citation and Link Building</a></b>. It was a pleasure to “see” all of you!",
      "Your feedback is invaluable as we continue to improve Justia Webinars and plan future presentations for our members.",
      "If you have not done so already, we’d appreciate it if you took a few moments to complete our post-webinar <b><a href=\"#\" target=\"_blank\">survey</a></b>. Our team appreciates it more than you know!"
    ],
    "button": {
      "style": "red",
      "link": "#",
      "text": "Share My Feedback",
      "width": 250
    }
  },
  "nonattendance": {
    "banner": "",
    "message": [
      "Hi Name,",
      "You recently registered for our recent Justia Webinars presentation, <b>SEO for Law Firm Websites: Advanced Citation and Link Building</b>. We missed having you join us on presentation day!",
      "Life is busy and we understand. However, your feedback as to why you were unable to attend matters to us as we continue to improve Justia Webinars and plan future presentations for our members.",
      "Please take a few moments to answer a brief survey on why you were unable to attend the most recent presentation. Our team appreciates it more than you know!"
    ],
    "button": {
      "style": "red",
      "link": "#",
      "text": "Share My Feedback",
      "width": 250
    }
  },
  "save-the-date": {
    "banner": "save-the-date-01.gif",
    "message": [
      "Hi Name,",
      "In less than three weeks, Justia is hosting another webinar exclusively for Justia Connect members and you are one of the first to know!",
      "Experts from the Justia Amplify PPC Management team will share strategies for leveraging Google Ads as part of your law firm’s legal marketing plan. You may get Google Ads information somewhere else but only our team is offering expert insights <b>specifically focused on the goals of lawyers and law firms!</b>",
      "Mark your calendar on <b>October 26, 2022 at 11:00 a.m. PT</b> for the presentation and keep an eye out for our upcoming registration emails.",
      "<b>Priority registration for <a href=\"https://connect.justia.com/pro\" target=\"_blank\">Justia Connect Pros</a> opens on October 17!</b>"
    ]
  }
}
