{
  "widget": {
    "icon": "webmaster",
    "header": "Webmaster’s Corner"
  },
  "link": "https://onward.justia.com/common-http-status-codes-and-what-they-mean/",
  "utm": {
    "clients": {
      "medium": "email",
      "campaign": "<%= dateFormat.dash %>",
      "source": "client-newsletter",
      "content": {
        "title": "text-onward-post-title-2",
        "image": "image-onward-post-2",
        "button": "button-learn-more-2"
      }
    },
    "jld": {
      "medium": "email",
      "campaign": "<%= dateFormat.dash %>",
      "source": "insights-newsletter",
      "content": {
        "title": "text-onward-post-title-2",
        "image": "image-onward-post-2",
        "button": "button-learn-more-2"
      }
    }
  },
  "banner": "featured-news-02.png",
  "title": "Common HTTP Status Codes and What They Mean",
  "description": [
    "Have you ever tried to visit a website and received a “Page Not Found” message with a 404 code? If you want to learn more about what this code means, as well as other common HTTP Status Codes you may encounter online, this is the article for you! "
  ],
  "button": {
    "style": "justia-blue-ghost",
    "link": "https://onward.justia.com/common-http-status-codes-and-what-they-mean/",
    "text": "Read More"
  }
}
